"","variety","block","yield"
"1","A",1,312.629542848808
"2","A",2,296.737666392943
"3","A",3,313.297992629225
"4","A",4,312.724293214294
"5","B",1,264.146414344564
"6","B",2,244.600499580963
"7","B",3,250.714329652865
"8","B",4,257.052795532094
"9","C",1,249.942328272525
"10","C",2,274.04653388858
"11","C",3,257.635934611405
"12","C",4,242.009907510106
