"variety","block","yield"
"A",1,312.629542848808
"A",2,296.737666392943
"A",3,313.297992629225
"A",4,312.724293214294
"B",1,264.146414344564
"B",2,244.600499580963
"B",3,250.714329652865
"B",4,257.052795532094
"C",1,249.942328272525
"C",2,274.04653388858
"C",3,257.635934611405
"C",4,242.009907510106
